event_type,machine_id,operator_code,session_id,tag_id,po,del,oc,roll,timestamp
UNATTRIBUTED_SCAN,MACHINE-001,,,,,,,,2026-07-21 10:55:21
LOGIN,MACHINE-001,BF11921,BF11921_2026-07-21 13:41:14,,,2026-07-21 13:41:14
SCAN,MACHINE-001,BF11921,BF11921_2026-07-21 13:41:14,60,,2026-07-21 13:41:14
LOGOUT,MACHINE-001,BF11921,BF11921_2026-07-21 13:41:14,,,2026-07-21 13:41:17
LOGIN,MACHINE-001,BF11921,BF11921_2026-07-21 13:42:59,,,2026-07-21 13:42:59
LOGOUT,MACHINE-001,BF11921,BF11921_2026-07-21 13:42:59,,,2026-07-21 13:43:13
LOGIN,MACHINE-001,BF11921,BF11921_2026-07-21 13:43:25,,,2026-07-21 13:43:25
LOGOUT,MACHINE-001,BF11921,BF11921_2026-07-21 13:43:25,,,2026-07-21 13:43:30
LOGIN,MACHINE-001,BF11921,BF11921_2026-07-21 13:43:38,,,2026-07-21 13:43:38
LOGOUT,MACHINE-001,BF11921,BF11921_2026-07-21 13:43:38,,,2026-07-21 13:43:41
LOGIN,MACHINE-001,BF11921,BF11921_2026-07-21 13:44:44,,,2026-07-21 13:44:44
LOGOUT,MACHINE-001,BF11921,BF11921_2026-07-21 13:44:44,,,2026-07-21 13:44:47
LOGIN,MACHINE-001,BF11921,BF11921_2026-07-21 13:44:50,,,2026-07-21 13:44:50
SCAN,MACHINE-001,BF11921,BF11921_2026-07-21 13:44:50,68,= U.,2026-07-21 13:44:51
LOGIN,MACHINE-001,BF11921,BF11921_2026-07-21 13:54:12,,,2026-07-21 13:54:12
LOGOUT,MACHINE-001,BF11921,BF11921_2026-07-21 13:54:12,,,2026-07-21 13:55:06
LOGIN,MACHINE-001,BF11921,BF11921_2026-07-21 14:00:03,,2026-07-21 14:00:03
SCAN,MACHINE-001,BF11921,BF11921_2026-07-21 14:00:03,Aipl-26-27-0231.1,2026-07-21 14:00:18
LOGIN,MACHINE-001,BF11921,BF11921_2026-07-21 14:04:37,,2026-07-21 14:04:37
SCAN,MACHINE-001,BF11921,BF11921_2026-07-21 14:04:37,Aipl-26-27-0231.1,2026-07-21 14:05:16
SCAN,MACHINE-001,BF11921,BF11921_2026-07-21 14:04:37,Aipl-26-27-0231.1,2026-07-21 14:05:22
LOGIN,MACHINE-001,BF11921,BF11921_2026-07-21 15:13:57,,2026-07-21 15:13:57
SCAN,MACHINE-001,BF11921,BF11921_2026-07-21 15:13:57,Aipl-26-27-0231.1,2026-07-21 15:14:09
SCAN,MACHINE-001,BF11921,BF11921_2026-07-21 15:13:57,1960285650859994;0002,2026-07-21 15:14:25
SCAN,MACHINE-001,BF11921,BF11921_2026-07-21 15:13:57,1964876122557996;0006,2026-07-21 15:15:07
SCAN,MACHINE-001,BF11921,BF11921_2026-07-21 15:13:57,1964876122557996;0006,2026-07-21 15:15:32
SCAN,MACHINE-001,BF11921,BF11921_2026-07-21 15:13:57,1964876122557996;0006,2026-07-21 15:16:06
UNATTRIBUTED_SCAN,MACHINE-001,,,8843829578204856;0003,8843829578204856,0003,2026-07-21 15:28:33
UNATTRIBUTED_SCAN,MACHINE-001,,,8843829578204856;0003,8843829578204856,0003,2026-07-21 15:28:40
UNATTRIBUTED_SCAN,MACHINE-001,,,8843829578204856;0003,8843829578204856,0003,2026-07-21 15:28:44
UNATTRIBUTED_SCAN,MACHINE-001,,,2909343822199677;0004,2909343822199677,0004,2026-07-21 15:29:10
UNATTRIBUTED_SCAN,MACHINE-001,,,2909343822199677;0004,2909343822199677,0004,2026-07-21 15:29:19
UNATTRIBUTED_SCAN,MACHINE-001,,,2909343822199677;0004,2909343822199677,0004,2026-07-21 15:29:26
UNATTRIBUTED_SCAN,MACHINE-001,,,2909343822199677;0004,2909343822199677,0004,2026-07-21 15:29:37
UNATTRIBUTED_SCAN,MACHINE-001,,,2909343822199677;0004,2909343822199677,0004,2026-07-21 15:29:43
LOGIN,MACHINE-001,BF11921,BF11921_2026-07-21 15:30:02,,,,2026-07-21 15:30:02
SCAN,MACHINE-001,BF11921,BF11921_2026-07-21 15:30:02,2909343822199677;0004,2909343822199677,0004,2026-07-21 15:30:18
SCAN,MACHINE-001,BF11921,BF11921_2026-07-21 15:30:02,8843829578204856;0003,8843829578204856,0003,2026-07-21 15:30:45
SCAN,MACHINE-001,BF11921,BF11921_2026-07-21 15:30:02,1964876122557996;0006,1964876122557996,0006,2026-07-21 15:31:02
SCAN,MACHINE-001,BF11921,BF11921_2026-07-21 15:30:02,1048249566500185;0005,1048249566500185,0005,2026-07-21 15:31:10
SCAN,MACHINE-001,BF11921,BF11921_2026-07-21 15:30:02,2909343822199677;0004,2909343822199677,0004,2026-07-21 15:31:17
SCAN,MACHINE-001,BF11921,BF11921_2026-07-21 15:30:02,8843829578204856;0003,8843829578204856,0003,2026-07-21 15:31:29
SCAN,MACHINE-001,BF11921,BF11921_2026-07-21 15:30:02,3538092220889362;0001,3538092220889362,0001,2026-07-21 15:31:45
SCAN,MACHINE-001,BF11921,BF11921_2026-07-21 15:30:02,1960285650859994;0002,1960285650859994,0002,2026-07-21 15:32:00
SCAN,MACHINE-001,BF11921,BF11921_2026-07-21 15:30:02,8843829578204856;0003,8843829578204856,0003,2026-07-21 15:32:05
SCAN,MACHINE-001,BF11921,BF11921_2026-07-21 15:30:02,2909343822199677;0004,2909343822199677,0004,2026-07-21 15:32:09
SCAN,MACHINE-001,BF11921,BF11921_2026-07-21 15:30:02,1048249566500185;0005,1048249566500185,0005,2026-07-21 15:32:13
SCAN,MACHINE-001,BF11921,BF11921_2026-07-21 15:30:02,1964876122557996;0006,1964876122557996,0006,2026-07-21 15:32:17
LOGOUT,MACHINE-001,BF11921,BF11921_2026-07-21 15:30:02,,,,2026-07-21 15:32:23
UNATTRIBUTED_SCAN,MACHINE-001,,,1964876122557996;0006,1964876122557996,0006,2026-07-21 15:48:15
DUPLICATE_IGNORED,MACHINE-001,,,1964876122557996;0006,1964876122557996,0006,2026-07-21 15:48:42
UNATTRIBUTED_SCAN,MACHINE-001,,,1960285650859994;0002,1960285650859994,0002,2026-07-21 15:49:09
DUPLICATE_IGNORED,MACHINE-001,,,1960285650859994;0002,1960285650859994,0002,2026-07-21 15:49:14
UNATTRIBUTED_SCAN,MACHINE-001,,,3538092220889362;0001,3538092220889362,0001,2026-07-21 15:49:25
DUPLICATE_IGNORED,MACHINE-001,,,3538092220889362;0001,3538092220889362,0001,2026-07-21 15:49:31
UNATTRIBUTED_SCAN,MACHINE-001,,,1048249566500185;0005,1048249566500185,0005,2026-07-21 15:49:41
DUPLICATE_IGNORED,MACHINE-001,,,1964876122557996;0006,1964876122557996,0006,2026-07-21 15:49:48
DUPLICATE_IGNORED,MACHINE-001,,,1048249566500185;0005,1048249566500185,0005,2026-07-21 15:49:55
DUPLICATE_IGNORED,MACHINE-001,,,1048249566500185;0005,1048249566500185,0005,2026-07-21 15:50:07
UNATTRIBUTED_SCAN,MACHINE-001,,,2909343822199677;0004,2909343822199677,0004,2026-07-21 15:50:16
UNATTRIBUTED_SCAN,MACHINE-001,,,8843829578204856;0003,8843829578204856,0003,2026-07-21 15:50:21
DUPLICATE_IGNORED,MACHINE-001,,,1960285650859994;0002,1960285650859994,0002,2026-07-21 15:50:30
DUPLICATE_IGNORED,MACHINE-001,,,3538092220889362;0001,3538092220889362,0001,2026-07-21 15:50:40
UNATTRIBUTED_SCAN,MACHINE-001,,,1964876122557996;0006,1964876122557996,0006,2026-07-21 15:50:49
DUPLICATE_IGNORED,MACHINE-001,,,1964876122557996;0006,1964876122557996,0006,2026-07-21 15:50:56
LOGIN,MACHINE-001,BF11921,BF11921_2026-07-21 15:51:07,,,,2026-07-21 15:51:07
DUPLICATE_IGNORED,MACHINE-001,BF11921,BF11921_2026-07-21 15:51:07,1048249566500185;0005,1048249566500185,0005,2026-07-21 15:51:22
DUPLICATE_IGNORED,MACHINE-001,BF11921,BF11921_2026-07-21 15:51:07,1964876122557996;0006,1964876122557996,0006,2026-07-21 15:51:30
DUPLICATE_IGNORED,MACHINE-001,BF11921,BF11921_2026-07-21 15:51:07,1048249566500185;0005,1048249566500185,0005,2026-07-21 15:51:40
DUPLICATE_IGNORED,MACHINE-001,BF11921,BF11921_2026-07-21 15:51:07,2909343822199677;0004,2909343822199677,0004,2026-07-21 15:51:47
DUPLICATE_IGNORED,MACHINE-001,BF11921,BF11921_2026-07-21 15:51:07,8843829578204856;0003,8843829578204856,0003,2026-07-21 15:51:58
DUPLICATE_IGNORED,MACHINE-001,BF11921,BF11921_2026-07-21 15:51:07,2909343822199677;0004,2909343822199677,0004,2026-07-21 15:52:03
SCAN,MACHINE-001,BF11921,BF11921_2026-07-21 15:51:07,1048249566500185;0005,1048249566500185,0005,2026-07-21 15:52:09
DUPLICATE_IGNORED,MACHINE-001,BF11921,BF11921_2026-07-21 15:51:07,1964876122557996;0006,1964876122557996,0006,2026-07-21 15:52:14
LOGOUT,MACHINE-001,BF11921,BF11921_2026-07-21 15:51:07,,,,2026-07-21 15:52:22
LOGIN,MACHINE-001,BF11921,BF11921_2026-07-21 15:58:28,,,,2026-07-21 15:58:28
SCAN,MACHINE-001,BF11921,BF11921_2026-07-21 15:58:28,1964876122557996;0006,1964876122557996,0006,2026-07-21 15:58:47
DUPLICATE_IGNORED,MACHINE-001,BF11921,BF11921_2026-07-21 15:58:28,1964876122557996;0006,1964876122557996,0006,2026-07-21 15:58:56
SCAN,MACHINE-001,BF11921,BF11921_2026-07-21 15:58:28,1048249566500185;0005,1048249566500185,0005,2026-07-21 15:59:04
SCAN,MACHINE-001,BF11921,BF11921_2026-07-21 15:58:28,2909343822199677;0004,2909343822199677,0004,2026-07-21 15:59:39
SCAN,MACHINE-001,BF11921,BF11921_2026-07-21 15:58:28,8843829578204856;0003,8843829578204856,0003,2026-07-21 15:59:51
DUPLICATE_IGNORED,MACHINE-001,BF11921,BF11921_2026-07-21 15:58:28,8843829578204856;0003,8843829578204856,0003,2026-07-21 15:59:54
DUPLICATE_IGNORED,MACHINE-001,BF11921,BF11921_2026-07-21 15:58:28,1048249566500185;0005,1048249566500185,0005,2026-07-21 16:00:15
DUPLICATE_IGNORED,MACHINE-001,BF11921,BF11921_2026-07-21 15:58:28,1964876122557996;0006,1964876122557996,0006,2026-07-21 16:00:21
UNATTRIBUTED_SCAN,MACHINE-001,,,0007,0007,,2026-07-21 16:30:59
LOGIN,MACHINE-001,BF11921,BF11921_2026-07-21 16:31:11,,,,2026-07-21 16:31:11
DUPLICATE_IGNORED,MACHINE-001,BF11921,BF11921_2026-07-21 16:31:11,0007,0007,,2026-07-21 16:31:15
LOGIN_CONFLICT,MACHINE-001,BF12345,BF11921_2026-07-21 16:31:11,,,,2026-07-21 16:32:26
LOGOUT,MACHINE-001,BF11921,BF11921_2026-07-21 16:31:11,,,,2026-07-21 16:32:39
LOGIN,MACHINE-001,BF12345,BF12345_2026-07-21 16:32:43,,,,2026-07-21 16:32:43
DUPLICATE_IGNORED,MACHINE-001,BF12345,BF12345_2026-07-21 16:32:43,0007,0007,,2026-07-21 16:32:47
SCAN,MACHINE-001,BF12345,BF12345_2026-07-21 16:32:43,Aipl-26-27-0231.1,Aipl-26-27-0231.1,,2026-07-21 16:32:53
SCAN,MACHINE-001,BF12345,BF12345_2026-07-21 16:32:43,1048249566500185;0005,1048249566500185,0005,2026-07-21 16:32:58
SCAN,MACHINE-001,BF12345,BF12345_2026-07-21 16:32:43,1964876122557996;0006,1964876122557996,0006,2026-07-21 16:33:03
LOGIN,MACHINE-001,BF98765,BF98765_2026-07-22 10:52:04,,,,2026-07-22 10:52:04
SCAN,MACHINE-001,BF98765,BF98765_2026-07-22 10:52:04,1048249566500185;0005,1048249566500185,0005,2026-07-22 10:52:30
SCAN,MACHINE-001,BF98765,BF98765_2026-07-22 10:52:04,1964876122557996;0006,1964876122557996,0006,2026-07-22 10:52:53
SCAN,MACHINE-001,BF98765,BF98765_2026-07-22 10:52:04,2909343822199677;0004,2909343822199677,0004,2026-07-22 10:53:03
SCAN,MACHINE-001,BF98765,BF98765_2026-07-22 10:52:04,8843829578204856;0003,8843829578204856,0003,2026-07-22 10:53:13
DUPLICATE_IGNORED,MACHINE-001,BF98765,BF98765_2026-07-22 10:52:04,8843829578204856;0003,8843829578204856,0003,2026-07-22 10:53:17
LOGIN,MACHINE-001,BF98765,BF98765_2026-07-22 10:54:05,,,,2026-07-22 10:54:05
LOGOUT,MACHINE-001,BF98765,BF98765_2026-07-22 10:54:05,,,,2026-07-22 10:54:12
LOGIN,MACHINE-001,BF98765,BF98765_2026-07-22 11:04:17,,,,2026-07-22 11:04:17
SCAN,MACHINE-001,BF98765,BF98765_2026-07-22 11:04:17,1048249566500185;0005,1048249566500185,0005,2026-07-22 11:04:38
SCAN,MACHINE-001,BF98765,BF98765_2026-07-22 11:04:17,1964876122557996;0006,1964876122557996,0006,2026-07-22 11:04:49
LOGIN,MACHINE-001,BF98765,BF98765_2026-07-22 11:06:41,,,,2026-07-22 11:06:41
LOGIN,MACHINE-001,BF11921,BF11921_2026-07-24 13:22:25,,,,2026-07-24 13:22:25
LOGOUT,MACHINE-001,BF11921,BF11921_2026-07-24 13:22:25,,,,2026-07-24 13:22:52
LOGIN,MACHINE-001,BF11921,BF11921_2026-07-24 13:23:20,,,,2026-07-24 13:23:20
SCAN,MACHINE-001,BF11921,BF11921_2026-07-24 13:23:20,1100587022328880;0001,1100587022328880,0001,2026-07-24 13:23:36
SCAN,MACHINE-001,BF11921,BF11921_2026-07-24 13:23:20,1200788211183957;0002,1200788211183957,0002,2026-07-24 13:23:45
SCAN,MACHINE-001,BF11921,BF11921_2026-07-24 13:23:20,2432101587526848;0003,2432101587526848,0003,2026-07-24 13:23:49
SCAN,MACHINE-001,BF11921,BF11921_2026-07-24 13:23:20,9908620831021427;0004,9908620831021427,0004,2026-07-24 13:23:54
SCAN,MACHINE-001,BF11921,BF11921_2026-07-24 13:23:20,1703125857169334;0005,1703125857169334,0005,2026-07-24 13:24:02
SCAN,MACHINE-001,BF11921,BF11921_2026-07-24 13:23:20,2649369481345111;0006,2649369481345111,0006,2026-07-24 13:24:06
SCAN,MACHINE-001,BF11921,BF11921_2026-07-24 13:23:20,2299298291163513;0007,2299298291163513,0007,2026-07-24 13:24:12
SCAN,MACHINE-001,BF11921,BF11921_2026-07-24 13:23:20,2433840113536900;0008,2433840113536900,0008,2026-07-24 13:24:16
SCAN,MACHINE-001,BF11921,BF11921_2026-07-24 13:23:20,3048724519446495;0009,3048724519446495,0009,2026-07-24 13:24:23
SCAN,MACHINE-001,BF11921,BF11921_2026-07-24 13:23:20,6309151649636835;0010,6309151649636835,0010,2026-07-24 13:24:26
SCAN,MACHINE-001,BF11921,BF11921_2026-07-24 13:23:20,7914223715402860;3279,7914223715402860,3279,2026-07-24 13:24:31
SCAN,MACHINE-001,BF11921,BF11921_2026-07-24 13:23:20,7914223715402860;3280,7914223715402860,3280,2026-07-24 13:24:41
SCAN,MACHINE-001,BF11921,BF11921_2026-07-24 13:23:20,7914223715402860;3281,7914223715402860,3281,2026-07-24 13:24:45
SCAN,MACHINE-001,BF11921,BF11921_2026-07-24 13:23:20,7914223715402860;3282,7914223715402860,3282,2026-07-24 13:24:47
SCAN,MACHINE-001,BF11921,BF11921_2026-07-24 13:23:20,1908504414713453;3298,1908504414713453,3298,2026-07-24 13:26:09
SCAN,MACHINE-001,BF11921,BF11921_2026-07-24 13:23:20,2731846718904207;3304,2731846718904207,3304,2026-07-24 13:26:24
SCAN,MACHINE-001,BF11921,BF11921_2026-07-24 13:23:20,2731846718904207;3303,2731846718904207,3303,2026-07-24 13:26:30
SCAN,MACHINE-001,BF11921,BF11921_2026-07-24 13:23:20,2731846718904207;3302,2731846718904207,3302,2026-07-24 13:26:32
SCAN,MACHINE-001,BF11921,BF11921_2026-07-24 13:23:20,2731846718904207;3301,2731846718904207,3301,2026-07-24 13:26:39
SCAN,MACHINE-001,BF11921,BF11921_2026-07-24 13:23:20,2731846718904207;3300,2731846718904207,3300,2026-07-24 13:26:42
SCAN,MACHINE-001,BF11921,BF11921_2026-07-24 13:23:20,1908504414713453;3299,1908504414713453,3299,2026-07-24 13:26:46
DUPLICATE_IGNORED,MACHINE-001,BF11921,BF11921_2026-07-24 13:23:20,1908504414713453;3298,1908504414713453,3298,2026-07-24 13:26:54
SCAN,MACHINE-001,BF11921,BF11921_2026-07-24 13:23:20,1908504414713453;3297,1908504414713453,3297,2026-07-24 13:26:59
SCAN,MACHINE-001,BF11921,BF11921_2026-07-24 13:23:20,1908504414713453;3296,1908504414713453,3296,2026-07-24 13:27:02
SCAN,MACHINE-001,BF11921,BF11921_2026-07-24 13:23:20,2434199762304627;3295,2434199762304627,3295,2026-07-24 13:27:05
SCAN,MACHINE-001,BF11921,BF11921_2026-07-24 13:23:20,2434199762304627;3294,2434199762304627,3294,2026-07-24 13:27:11
DUPLICATE_IGNORED,MACHINE-001,BF11921,BF11921_2026-07-24 13:23:20,2434199762304627;3295,2434199762304627,3295,2026-07-24 13:27:15
DUPLICATE_IGNORED,MACHINE-001,BF11921,BF11921_2026-07-24 13:23:20,1908504414713453;3296,1908504414713453,3296,2026-07-24 13:27:18
DUPLICATE_IGNORED,MACHINE-001,BF11921,BF11921_2026-07-24 13:23:20,1908504414713453;3297,1908504414713453,3297,2026-07-24 13:27:23
DUPLICATE_IGNORED,MACHINE-001,BF11921,BF11921_2026-07-24 13:23:20,1908504414713453;3298,1908504414713453,3298,2026-07-24 13:27:36
DUPLICATE_IGNORED,MACHINE-001,BF11921,BF11921_2026-07-24 13:23:20,1908504414713453;3299,1908504414713453,3299,2026-07-24 13:27:42
DUPLICATE_IGNORED,MACHINE-001,BF11921,BF11921_2026-07-24 13:23:20,2731846718904207;3300,2731846718904207,3300,2026-07-24 13:27:44
LOGOUT,MACHINE-001,BF11921,BF11921_2026-07-24 13:23:20,,,,2026-07-24 13:28:15
LOGIN,MACHINE-001,BF11921,BF11921_2026-07-24 13:30:50,,,,2026-07-24 13:30:50
SCAN,MACHINE-001,BF11921,BF11921_2026-07-24 13:30:50,1960285650859994;0002,1960285650859994,0002,2026-07-24 13:31:17
DUPLICATE_IGNORED,MACHINE-001,BF11921,BF11921_2026-07-24 13:30:50,1960285650859994;0002,1960285650859994,0002,2026-07-24 13:31:40
SCAN,MACHINE-001,BF11921,BF11921_2026-07-24 13:30:50,1048249566500185;0005,1048249566500185,0005,2026-07-24 13:31:55
DUPLICATE_IGNORED,MACHINE-001,BF11921,BF11921_2026-07-24 13:30:50,1703125857169334;0005,1703125857169334,0005,2026-07-24 13:32:09
LOGOUT,MACHINE-001,BF11921,BF11921_2026-07-24 13:30:50,,,,2026-07-24 13:32:23
LOGIN,MACHINE-001,BF11921,BF11921_2026-07-24 13:35:03,,,,2026-07-24 13:35:03
SCAN,MACHINE-001,BF11921,BF11921_2026-07-24 13:35:03,0007,0007,,2026-07-24 13:35:21
LOGIN_CONFLICT,MACHINE-001,BF12345,BF11921_2026-07-24 13:35:03,,,,2026-07-24 13:35:25
SCAN,MACHINE-001,BF11921,BF11921_2026-07-24 13:35:03,OP-00457,OP-00457,,2026-07-24 13:35:51
LOGIN_CONFLICT,MACHINE-001,BF98765,BF11921_2026-07-24 13:35:03,,,,2026-07-24 13:36:13
LOGOUT,MACHINE-001,BF11921,BF11921_2026-07-24 13:35:03,,,,2026-07-24 13:36:21
UNATTRIBUTED_SCAN,MACHINE-001,,,Aipl-26-27-0231.1,Aipl-26-27-0231.1,,2026-07-24 13:36:27
DUPLICATE_IGNORED,MACHINE-001,,,0007,0007,,2026-07-24 13:36:34
LOGIN,MACHINE-001,BF12345,BF12345_2026-07-24 13:36:37,,,,2026-07-24 13:36:37
LOGIN_CONFLICT,MACHINE-001,BF98765,BF12345_2026-07-24 13:36:37,,,,2026-07-24 13:36:45
LOGOUT,MACHINE-001,BF12345,BF12345_2026-07-24 13:36:37,,,,2026-07-24 13:36:49
